generation;brain
0;[[[600, 100, 3], [800, 50, 2]], [[900, 40, 1], [640, -100, 3]], [[700, 50, 2]], [[800, 10, 1]]]
1;[[[800, 50, 2, [1386, 275, 3]]], [[700, 50, 2, [816, 160, 1]]], [[800, 10, 1, [837, 247, 4], [1324, 229, 4]]], [[1153, 183, 3, [862, 109, 6]], [703, 209, 2]], [[941, 257, 1, [1380, 73, 2]]]]
2;[[[800, 50, 2, [1386, 275, 3]]], [[700, 50, 2, [816, 160, 1]]], [[800, 10, 1, [837, 247, 4], [1324, 229, 4]]], [[1153, 183, 3, [862, 109, 6]], [703, 209, 2]], [[941, 257, 1, [1380, 73, 2]]]]
3;[[[800, 50, 2, [1386, 275, 3]]], [[700, 50, 2, [816, 160, 1]]], [[800, 10, 1, [837, 247, 4], [1324, 229, 4], [1073, 80, 2]]], [[1153, 183, 3, [862, 109, 6]], [703, 209, 2]], [[941, 257, 1, [1380, 73, 2]]]]
4;[[[800, 50, 2, [1386, 275, 3]]], [[700, 50, 2, [816, 160, 1]]], [[800, 10, 1, [837, 247, 4], [1324, 229, 4], [1073, 80, 2]]], [[1153, 183, 3, [862, 109, 6]], [703, 209, 2]], [[941, 257, 1, [1380, 73, 2]]]]
5;[[[800, 50, 2, [1386, 275, 3]]], [[700, 50, 2, [816, 160, 1]]], [[800, 10, 1, [837, 247, 4], [1324, 229, 4], [1073, 80, 2]]], [[1153, 183, 3, [862, 109, 6]], [703, 209, 2]], [[941, 257, 1, [1380, 73, 2], [1314, 237, 1]]]]
6;[[[800, 50, 2, [1386, 275, 3]]], [[700, 50, 2, [816, 160, 1]]], [[800, 10, 1, [837, 247, 4], [1324, 229, 4], [1073, 80, 2]]], [[1153, 183, 3, [862, 109, 6]], [703, 209, 2]], [[941, 257, 1, [1380, 73, 2], [1314, 237, 1]]]]
7;[[[800, 50, 2, [1386, 275, 3]]], [[700, 50, 2, [816, 160, 1]]], [[800, 10, 1, [837, 247, 4], [1324, 229, 4], [1073, 80, 2]]], [[1153, 183, 3, [862, 109, 6]], [703, 209, 2]], [[941, 257, 1, [1380, 73, 2], [1314, 237, 1], [1003, 184, 4]]]]
8;[[[800, 50, 2, [1386, 275, 3]]], [[700, 50, 2, [816, 160, 1]]], [[800, 10, 1, [837, 247, 4], [1324, 229, 4], [1073, 80, 2]]], [[1153, 183, 3, [862, 109, 6]], [703, 209, 2]], [[941, 257, 1, [1380, 73, 2], [1314, 237, 1], [1003, 184, 4]]]]
9;[[[800, 50, 2, [1386, 275, 3]]], [[700, 50, 2, [816, 160, 1], [961, 69, 3]]], [[800, 10, 1, [837, 247, 4], [1324, 229, 4], [1073, 80, 2]]], [[1153, 183, 3, [862, 109, 6]], [703, 209, 2]], [[941, 257, 1, [1380, 73, 2], [1314, 237, 1], [1003, 184, 4]]]]
10;[[[800, 50, 2, [1386, 275, 3]]], [[700, 50, 2, [816, 160, 1], [961, 69, 3], [816, 130, 6]]], [[800, 10, 1, [837, 247, 4], [1324, 229, 4], [1073, 80, 2]]], [[1153, 183, 3, [862, 109, 6]], [703, 209, 2]], [[941, 257, 1, [1380, 73, 2], [1314, 237, 1], [1003, 184, 4]]]]
11;[[[800, 50, 2, [1386, 275, 3]]], [[700, 50, 2, [816, 160, 1], [961, 69, 3], [816, 130, 6]]], [[800, 10, 1, [837, 247, 4], [1324, 229, 4], [1073, 80, 2]]], [[1153, 183, 3, [862, 109, 6]], [703, 209, 2]], [[941, 257, 1, [1380, 73, 2], [1314, 237, 1], [1003, 184, 4]]]]
12;[[[800, 50, 2, [1386, 275, 3]]], [[700, 50, 2, [816, 160, 1], [961, 69, 3], [816, 130, 6]]], [[800, 10, 1, [837, 247, 4], [1324, 229, 4], [1073, 80, 2], [1318, 159, 4]]], [[1153, 183, 3, [862, 109, 6]], [703, 209, 2]], [[941, 257, 1, [1380, 73, 2], [1314, 237, 1], [1003, 184, 4]]]]
13;[[[800, 50, 2, [1386, 275, 3]]], [[700, 50, 2, [816, 160, 1], [961, 69, 3], [816, 130, 6]]], [[800, 10, 1, [837, 247, 4], [1324, 229, 4], [1073, 80, 2], [1318, 159, 4]]], [[1153, 183, 3, [862, 109, 6]], [703, 209, 2]], [[941, 257, 1, [1380, 73, 2], [1314, 237, 1], [1003, 184, 4]]]]
14;[[[800, 50, 2, [1386, 275, 3]]], [[700, 50, 2, [816, 160, 1], [961, 69, 3], [816, 130, 6]]], [[800, 10, 1, [837, 247, 4], [1324, 229, 4], [1073, 80, 2], [1318, 159, 4]]], [[941, 257, 1, [1380, 73, 2], [1314, 237, 1], [1003, 184, 4]]]]
15;[[[800, 50, 2, [1386, 275, 3]]], [[700, 50, 2, [816, 160, 1], [961, 69, 3], [816, 130, 6]]], [[800, 10, 1, [837, 247, 4], [1324, 229, 4], [1073, 80, 2], [1318, 159, 4]]], [[941, 257, 1, [1380, 73, 2], [1314, 237, 1], [1003, 184, 4]]], [[913, 151, 6], [637, 287, 5], [1333, 269, 2], [1201, 57, 6], [605, 45, 4]]]
16;[[[800, 50, 2, [1386, 275, 3]]], [[800, 10, 1, [837, 247, 4], [1324, 229, 4], [1073, 80, 2], [1318, 159, 4]]], [[941, 257, 1, [1380, 73, 2], [1314, 237, 1], [1003, 184, 4]]], [[913, 151, 6], [637, 287, 5], [1333, 269, 2], [1201, 57, 6], [605, 45, 4]]]
17;[[[800, 50, 2, [1386, 275, 3]]], [[800, 10, 1, [837, 247, 4], [1324, 229, 4], [1073, 80, 2], [1318, 159, 4]]], [[941, 257, 1, [1380, 73, 2], [1314, 237, 1], [1003, 184, 4]]], [[913, 151, 6], [637, 287, 5], [1201, 57, 6], [605, 45, 4]]]
18;[[[800, 50, 2, [1386, 275, 3]]], [[800, 10, 1, [837, 247, 4], [1324, 229, 4], [1073, 80, 2], [1318, 159, 4]]], [[941, 257, 1, [1380, 73, 2], [1314, 237, 1], [1003, 184, 4]]], [[913, 151, 6], [637, 287, 5], [1201, 57, 6], [605, 45, 4]]]
19;[[[800, 50, 2, [1386, 275, 3]]], [[800, 10, 1, [837, 247, 4], [1324, 229, 4], [1073, 80, 2], [1318, 159, 4]]], [[941, 257, 1, [1380, 73, 2], [1314, 237, 1], [1003, 184, 4]]], [[913, 151, 6], [637, 287, 5], [1201, 57, 6], [605, 45, 4]]]
20;[[[800, 50, 2, [1386, 275, 3]]], [[800, 10, 1, [837, 247, 4], [1324, 229, 4], [1073, 80, 2], [1318, 159, 4], [1265, 13, 4]]], [[941, 257, 1, [1380, 73, 2], [1314, 237, 1], [1003, 184, 4]]], [[913, 151, 6], [637, 287, 5], [1201, 57, 6], [605, 45, 4]]]
21;[[[800, 50, 2, [1386, 275, 3]]], [[800, 10, 1, [837, 247, 4], [1324, 229, 4], [1073, 80, 2], [1318, 159, 4], [1265, 13, 4]]], [[941, 257, 1, [1380, 73, 2], [1314, 237, 1], [1003, 184, 4], [997, 224, 2]]], [[913, 151, 6], [637, 287, 5], [1201, 57, 6], [605, 45, 4]]]
22;[[[800, 50, 2, [1386, 275, 3]]], [[800, 10, 1, [837, 247, 4], [1324, 229, 4], [1073, 80, 2], [1318, 159, 4], [1265, 13, 4]]], [[941, 257, 1, [1380, 73, 2], [1314, 237, 1], [1003, 184, 4], [997, 224, 2]]], [[913, 151, 6], [637, 287, 5], [1201, 57, 6], [605, 45, 4]]]
23;[[[800, 50, 2, [1386, 275, 3]]], [[800, 10, 1, [837, 247, 4], [1324, 229, 4], [1073, 80, 2], [1318, 159, 4], [1265, 13, 4]]], [[941, 257, 1, [1380, 73, 2], [1314, 237, 1], [1003, 184, 4], [997, 224, 2]]], [[913, 151, 6], [637, 287, 5], [1201, 57, 6], [605, 45, 4]]]
24;[[[800, 50, 2, [1386, 275, 3]]], [[800, 10, 1, [837, 247, 4], [1324, 229, 4], [1073, 80, 2], [1318, 159, 4], [1265, 13, 4]]], [[941, 257, 1, [1380, 73, 2], [1314, 237, 1], [1003, 184, 4], [997, 224, 2], [779, 20, 2]]], [[913, 151, 6], [637, 287, 5], [1201, 57, 6], [605, 45, 4]]]
25;[[[800, 50, 2, [1386, 275, 3]]], [[800, 10, 1, [837, 247, 4], [1324, 229, 4], [1073, 80, 2], [1318, 159, 4], [1265, 13, 4]]], [[941, 257, 1, [1380, 73, 2], [1314, 237, 1], [1003, 184, 4], [997, 224, 2], [779, 20, 2]]], [[913, 151, 6], [637, 287, 5], [1201, 57, 6], [605, 45, 4]]]
26;[[[800, 50, 2, [1386, 275, 3]]], [[800, 10, 1, [837, 247, 4], [1324, 229, 4], [1073, 80, 2], [1318, 159, 4], [1265, 13, 4]]], [[941, 257, 1, [1380, 73, 2], [1314, 237, 1], [1003, 184, 4], [997, 224, 2], [779, 20, 2]]], [[913, 151, 6], [637, 287, 5], [1201, 57, 6], [605, 45, 4]]]
27;[[[800, 50, 2, [1386, 275, 3]]], [[800, 10, 1, [837, 247, 4], [1324, 229, 4], [1073, 80, 2], [1318, 159, 4], [1265, 13, 4]]], [[941, 257, 1, [1380, 73, 2], [1314, 237, 1], [1003, 184, 4], [997, 224, 2], [779, 20, 2]]], [[913, 151, 6], [637, 287, 5], [1201, 57, 6], [605, 45, 4]]]
28;[[[800, 50, 2, [1386, 275, 3]]], [[800, 10, 1, [837, 247, 4], [1324, 229, 4], [1073, 80, 2], [1318, 159, 4], [1265, 13, 4]]], [[941, 257, 1, [1380, 73, 2], [1314, 237, 1], [1003, 184, 4], [997, 224, 2], [779, 20, 2]]], [[913, 151, 6], [637, 287, 5], [1201, 57, 6], [605, 45, 4]]]
29;[[[800, 50, 2, [1386, 275, 3]]], [[800, 10, 1, [837, 247, 4], [1324, 229, 4], [1073, 80, 2], [1318, 159, 4], [1265, 13, 4]]], [[941, 257, 1, [1380, 73, 2], [1314, 237, 1], [1003, 184, 4], [997, 224, 2], [779, 20, 2]]], [[913, 151, 6], [637, 287, 5], [1201, 57, 6], [605, 45, 4]]]
30;[[[800, 50, 2, [1386, 275, 3]]], [[800, 10, 1, [837, 247, 4], [1324, 229, 4], [1073, 80, 2], [1318, 159, 4], [1265, 13, 4]]], [[941, 257, 1, [1380, 73, 2], [1314, 237, 1], [1003, 184, 4], [997, 224, 2], [779, 20, 2], [922, 191, 2]]], [[913, 151, 6], [637, 287, 5], [1201, 57, 6], [605, 45, 4]]]
31;[[[800, 50, 2, [1386, 275, 3]]], [[800, 10, 1, [837, 247, 4], [1324, 229, 4], [1073, 80, 2], [1318, 159, 4], [1265, 13, 4]]], [[941, 257, 1, [1380, 73, 2], [1314, 237, 1], [1003, 184, 4], [997, 224, 2], [779, 20, 2], [922, 191, 2]]], [[913, 151, 6], [637, 287, 5], [1201, 57, 6]]]
32;[[[800, 50, 2, [1386, 275, 3]]], [[800, 10, 1, [837, 247, 4], [1324, 229, 4], [1073, 80, 2], [1318, 159, 4], [1265, 13, 4]]], [[941, 257, 1, [1380, 73, 2], [1314, 237, 1], [1003, 184, 4], [997, 224, 2], [779, 20, 2], [922, 191, 2]]], [[913, 151, 6], [637, 287, 5], [1201, 57, 6]]]
33;[[[800, 50, 2, [1386, 275, 3]]], [[800, 10, 1, [837, 247, 4], [1324, 229, 4], [1073, 80, 2], [1318, 159, 4], [1265, 13, 4]]], [[941, 257, 1, [1380, 73, 2], [1314, 237, 1], [1003, 184, 4], [997, 224, 2], [779, 20, 2], [922, 191, 2]]], [[913, 151, 6], [637, 287, 5], [1201, 57, 6]]]
34;[[[800, 50, 2, [1386, 275, 3]]], [[800, 10, 1, [837, 247, 4], [1324, 229, 4], [1073, 80, 2], [1318, 159, 4], [1265, 13, 4]]], [[941, 257, 1, [1380, 73, 2], [1314, 237, 1], [1003, 184, 4], [997, 224, 2], [779, 20, 2], [922, 191, 2]]], [[913, 151, 6], [1201, 57, 6]]]
35;[[[800, 50, 2, [1386, 275, 3]]], [[800, 10, 1, [837, 247, 4], [1324, 229, 4], [1073, 80, 2], [1318, 159, 4], [1265, 13, 4], [1194, 152, 3]]], [[941, 257, 1, [1380, 73, 2], [1314, 237, 1], [1003, 184, 4], [997, 224, 2], [779, 20, 2], [922, 191, 2]]], [[913, 151, 6], [1201, 57, 6]]]
36;[[[800, 50, 2, [1386, 275, 3]]], [[800, 10, 1, [837, 247, 4], [1324, 229, 4], [1073, 80, 2], [1318, 159, 4], [1265, 13, 4], [1194, 152, 3]]], [[941, 257, 1, [1380, 73, 2], [1314, 237, 1], [1003, 184, 4], [997, 224, 2], [779, 20, 2], [922, 191, 2]]], [[913, 151, 6], [1201, 57, 6]]]
37;[[[800, 50, 2, [1386, 275, 3]]], [[800, 10, 1, [837, 247, 4], [1324, 229, 4], [1073, 80, 2], [1318, 159, 4], [1265, 13, 4], [1194, 152, 3]]], [[941, 257, 1, [1380, 73, 2], [1314, 237, 1], [1003, 184, 4], [997, 224, 2], [779, 20, 2], [922, 191, 2]]], [[913, 151, 6], [1201, 57, 6]]]
38;[[[800, 50, 2, [1386, 275, 3]]], [[800, 10, 1, [837, 247, 4], [1324, 229, 4], [1073, 80, 2], [1318, 159, 4], [1265, 13, 4], [1194, 152, 3]]], [[941, 257, 1, [1380, 73, 2], [1314, 237, 1], [1003, 184, 4], [997, 224, 2], [779, 20, 2], [922, 191, 2]]], [[913, 151, 6], [1201, 57, 6]]]
39;[[[800, 50, 2, [1386, 275, 3], [972, 100, 6]]], [[800, 10, 1, [837, 247, 4], [1324, 229, 4], [1073, 80, 2], [1318, 159, 4], [1265, 13, 4], [1194, 152, 3]]], [[941, 257, 1, [1380, 73, 2], [1314, 237, 1], [1003, 184, 4], [997, 224, 2], [779, 20, 2], [922, 191, 2]]], [[913, 151, 6], [1201, 57, 6]]]
40;[[[800, 50, 2, [1386, 275, 3], [972, 100, 6]]], [[800, 10, 1, [837, 247, 4], [1324, 229, 4], [1073, 80, 2], [1318, 159, 4], [1265, 13, 4], [1194, 152, 3]]], [[941, 257, 1, [1380, 73, 2], [1314, 237, 1], [1003, 184, 4], [997, 224, 2], [779, 20, 2], [922, 191, 2]]], [[913, 151, 6], [1201, 57, 6]]]
41;[[[800, 50, 2, [1386, 275, 3], [972, 100, 6]]], [[800, 10, 1, [837, 247, 4], [1324, 229, 4], [1073, 80, 2], [1318, 159, 4], [1265, 13, 4], [1194, 152, 3]]], [[941, 257, 1, [1380, 73, 2], [1314, 237, 1], [1003, 184, 4], [997, 224, 2], [779, 20, 2], [922, 191, 2]]], [[913, 151, 6], [1201, 57, 6]], [[1065, 22, 6], [1010, 72, 3], [736, 189, 6], [660, -50, 1]]]
42;[[[800, 50, 2, [1386, 275, 3], [972, 100, 6]]], [[800, 10, 1, [837, 247, 4], [1324, 229, 4], [1073, 80, 2], [1318, 159, 4], [1265, 13, 4], [1194, 152, 3]]], [[941, 257, 1, [1380, 73, 2], [1314, 237, 1], [1003, 184, 4], [997, 224, 2], [779, 20, 2], [922, 191, 2]]], [[913, 151, 6], [1201, 57, 6]], [[1065, 22, 6], [1010, 72, 3], [736, 189, 6], [660, -50, 1]]]
43;[[[800, 50, 2, [1386, 275, 3], [972, 100, 6]]], [[800, 10, 1, [837, 247, 4], [1324, 229, 4], [1073, 80, 2], [1318, 159, 4], [1265, 13, 4], [1194, 152, 3]]], [[941, 257, 1, [1380, 73, 2], [1314, 237, 1], [1003, 184, 4], [997, 224, 2], [779, 20, 2], [922, 191, 2]]], [[913, 151, 6], [1201, 57, 6]], [[1065, 22, 6], [1010, 72, 3, [818, 35, 2]], [736, 189, 6], [660, -50, 1]]]
44;[[[800, 50, 2, [1386, 275, 3], [972, 100, 6]]], [[800, 10, 1, [837, 247, 4], [1324, 229, 4], [1073, 80, 2], [1318, 159, 4], [1265, 13, 4], [1194, 152, 3]]], [[941, 257, 1, [1380, 73, 2], [1314, 237, 1], [1003, 184, 4], [997, 224, 2], [779, 20, 2], [922, 191, 2]]], [[913, 151, 6], [1201, 57, 6]], [[1065, 22, 6], [1010, 72, 3, [818, 35, 2]], [736, 189, 6], [660, -50, 1]]]
45;[[[800, 50, 2, [1386, 275, 3], [972, 100, 6]]], [[800, 10, 1, [837, 247, 4], [1324, 229, 4], [1073, 80, 2], [1318, 159, 4], [1265, 13, 4], [1194, 152, 3]]], [[941, 257, 1, [1380, 73, 2], [1314, 237, 1], [1003, 184, 4], [997, 224, 2], [779, 20, 2], [922, 191, 2]]], [[913, 151, 6], [1201, 57, 6]], [[1065, 22, 6], [1010, 72, 3, [818, 35, 2]], [736, 189, 6], [660, -50, 1]]]
46;[[[800, 50, 2, [1386, 275, 3], [972, 100, 6]]], [[800, 10, 1, [837, 247, 4], [1324, 229, 4], [1073, 80, 2], [1318, 159, 4], [1265, 13, 4], [1194, 152, 3]]], [[941, 257, 1, [1380, 73, 2], [1314, 237, 1], [1003, 184, 4], [997, 224, 2], [779, 20, 2], [922, 191, 2]]], [[913, 151, 6], [1201, 57, 6]], [[1065, 22, 6], [1010, 72, 3, [818, 35, 2]], [736, 189, 6], [660, -50, 1]]]
47;[[[800, 50, 2, [1386, 275, 3], [972, 100, 6]]], [[800, 10, 1, [837, 247, 4], [1324, 229, 4], [1073, 80, 2], [1318, 159, 4], [1265, 13, 4], [1194, 152, 3]]], [[941, 257, 1, [1380, 73, 2], [1314, 237, 1], [1003, 184, 4], [997, 224, 2], [779, 20, 2], [922, 191, 2]]], [[913, 151, 6], [1201, 57, 6]], [[1065, 22, 6], [1010, 72, 3, [818, 35, 2]], [736, 189, 6], [660, -50, 1]]]
48;[[[800, 50, 2, [1386, 275, 3], [972, 100, 6]]], [[800, 10, 1, [837, 247, 4], [1324, 229, 4], [1073, 80, 2], [1318, 159, 4], [1265, 13, 4], [1194, 152, 3]]], [[941, 257, 1, [1380, 73, 2], [1314, 237, 1], [1003, 184, 4], [997, 224, 2], [779, 20, 2], [922, 191, 2]]], [[913, 151, 6], [1201, 57, 6]], [[1065, 22, 6], [1010, 72, 3, [818, 35, 2]], [736, 189, 6], [660, -50, 1]]]
49;[[[800, 50, 2, [1386, 275, 3], [972, 100, 6]]], [[800, 10, 1, [837, 247, 4], [1324, 229, 4], [1073, 80, 2], [1318, 159, 4], [1265, 13, 4], [1194, 152, 3]]], [[941, 257, 1, [1380, 73, 2], [1314, 237, 1], [1003, 184, 4], [997, 224, 2], [779, 20, 2], [922, 191, 2]]], [[913, 151, 6], [1201, 57, 6]], [[1065, 22, 6], [1010, 72, 3, [818, 35, 2]], [736, 189, 6], [660, -50, 1]]]
50;[[[800, 50, 2, [1386, 275, 3], [972, 100, 6]]], [[800, 10, 1, [837, 247, 4], [1324, 229, 4], [1073, 80, 2], [1318, 159, 4], [1265, 13, 4], [1194, 152, 3]]], [[941, 257, 1, [1380, 73, 2], [1314, 237, 1], [1003, 184, 4], [997, 224, 2], [779, 20, 2], [922, 191, 2]]], [[913, 151, 6], [1201, 57, 6]], [[1065, 22, 6], [1010, 72, 3, [818, 35, 2]], [736, 189, 6], [660, -50, 1]]]
51;[[[800, 50, 2, [1386, 275, 3], [972, 100, 6]]], [[800, 10, 1, [837, 247, 4], [1324, 229, 4], [1073, 80, 2], [1318, 159, 4], [1265, 13, 4], [1194, 152, 3]]], [[941, 257, 1, [1380, 73, 2], [1314, 237, 1], [1003, 184, 4], [997, 224, 2], [779, 20, 2], [922, 191, 2], [1324, 236, 3]]], [[913, 151, 6], [1201, 57, 6]], [[1065, 22, 6], [1010, 72, 3, [818, 35, 2]], [736, 189, 6], [660, -50, 1]]]
52;[[[800, 50, 2, [1386, 275, 3], [972, 100, 6]]], [[800, 10, 1, [837, 247, 4], [1324, 229, 4], [1073, 80, 2], [1318, 159, 4], [1265, 13, 4], [1194, 152, 3]]], [[941, 257, 1, [1380, 73, 2], [1314, 237, 1], [1003, 184, 4], [997, 224, 2], [779, 20, 2], [922, 191, 2], [1324, 236, 3]]], [[913, 151, 6], [1201, 57, 6]], [[1065, 22, 6], [1010, 72, 3, [818, 35, 2]], [736, 189, 6], [660, -50, 1]]]
53;[[[800, 50, 2, [1386, 275, 3], [972, 100, 6]]], [[800, 10, 1, [837, 247, 4], [1324, 229, 4], [1073, 80, 2], [1318, 159, 4], [1265, 13, 4], [1194, 152, 3]]], [[941, 257, 1, [1380, 73, 2], [1314, 237, 1], [1003, 184, 4], [997, 224, 2], [779, 20, 2], [922, 191, 2], [1324, 236, 3]]], [[913, 151, 6], [1201, 57, 6]], [[1065, 22, 6], [1010, 72, 3, [818, 35, 2]], [736, 189, 6], [660, -50, 1]]]
54;[[[800, 50, 2, [1386, 275, 3], [972, 100, 6]]], [[800, 10, 1, [837, 247, 4], [1324, 229, 4], [1073, 80, 2], [1318, 159, 4], [1265, 13, 4], [1194, 152, 3]]], [[941, 257, 1, [1380, 73, 2], [1314, 237, 1], [1003, 184, 4], [997, 224, 2], [779, 20, 2], [922, 191, 2], [1324, 236, 3], [620, 193, 6]]], [[913, 151, 6], [1201, 57, 6]], [[1065, 22, 6], [1010, 72, 3, [818, 35, 2]], [736, 189, 6], [660, -50, 1]]]
55;[[[800, 50, 2, [1386, 275, 3], [972, 100, 6]]], [[800, 10, 1, [837, 247, 4], [1324, 229, 4], [1073, 80, 2], [1318, 159, 4], [1265, 13, 4], [1194, 152, 3]]], [[941, 257, 1, [1380, 73, 2], [1314, 237, 1], [1003, 184, 4], [997, 224, 2], [779, 20, 2], [922, 191, 2], [1324, 236, 3], [620, 193, 6]]], [[913, 151, 6], [1201, 57, 6]], [[1065, 22, 6], [1010, 72, 3, [818, 35, 2]], [736, 189, 6], [660, -50, 1]]]
56;[[[800, 50, 2, [1386, 275, 3], [972, 100, 6]]], [[800, 10, 1, [837, 247, 4], [1324, 229, 4], [1073, 80, 2], [1318, 159, 4], [1265, 13, 4], [1194, 152, 3]]], [[941, 257, 1, [1380, 73, 2], [1314, 237, 1], [1003, 184, 4], [997, 224, 2], [779, 20, 2], [922, 191, 2], [1324, 236, 3], [620, 193, 6]]], [[913, 151, 6], [1201, 57, 6]]]
57;[[[800, 50, 2, [1386, 275, 3], [972, 100, 6]]], [[800, 10, 1, [837, 247, 4], [1324, 229, 4], [1073, 80, 2], [1318, 159, 4], [1265, 13, 4], [1194, 152, 3]]], [[941, 257, 1, [1380, 73, 2], [1314, 237, 1], [1003, 184, 4], [997, 224, 2], [779, 20, 2], [922, 191, 2], [1324, 236, 3], [620, 193, 6]]], [[913, 151, 6], [1201, 57, 6]]]
58;[[[800, 50, 2, [1386, 275, 3], [972, 100, 6]]], [[800, 10, 1, [837, 247, 4], [1324, 229, 4], [1073, 80, 2], [1318, 159, 4], [1265, 13, 4], [1194, 152, 3]]], [[941, 257, 1, [1380, 73, 2], [1314, 237, 1], [1003, 184, 4], [997, 224, 2], [779, 20, 2], [922, 191, 2], [1324, 236, 3], [620, 193, 6], [1042, -58, 5]]], [[913, 151, 6], [1201, 57, 6]]]
59;[[[800, 50, 2, [1386, 275, 3], [972, 100, 6]]], [[800, 10, 1, [837, 247, 4], [1324, 229, 4], [1073, 80, 2], [1318, 159, 4], [1265, 13, 4], [1194, 152, 3]]], [[941, 257, 1, [1380, 73, 2], [1314, 237, 1], [1003, 184, 4], [997, 224, 2], [779, 20, 2], [922, 191, 2], [1324, 236, 3], [620, 193, 6], [1042, -58, 5]]], [[913, 151, 6], [1201, 57, 6]]]
60;[[[800, 50, 2, [1386, 275, 3], [972, 100, 6]]], [[800, 10, 1, [837, 247, 4], [1324, 229, 4], [1073, 80, 2], [1318, 159, 4], [1265, 13, 4], [1194, 152, 3]]], [[941, 257, 1, [1380, 73, 2], [1314, 237, 1], [1003, 184, 4], [997, 224, 2], [779, 20, 2], [922, 191, 2], [1324, 236, 3], [620, 193, 6], [1042, -58, 5]]], [[913, 151, 6], [1201, 57, 6]]]
61;[[[800, 50, 2, [1386, 275, 3], [972, 100, 6]]], [[800, 10, 1, [837, 247, 4], [1324, 229, 4], [1073, 80, 2], [1318, 159, 4], [1265, 13, 4], [1194, 152, 3]]], [[941, 257, 1, [1380, 73, 2], [1314, 237, 1], [1003, 184, 4], [997, 224, 2], [779, 20, 2], [922, 191, 2], [1324, 236, 3], [620, 193, 6], [1042, -58, 5]]], [[913, 151, 6], [1201, 57, 6]]]
62;[[[800, 50, 2, [1386, 275, 3], [972, 100, 6]]], [[800, 10, 1, [837, 247, 4], [1324, 229, 4], [1073, 80, 2], [1318, 159, 4], [1265, 13, 4], [1194, 152, 3]]], [[941, 257, 1, [1380, 73, 2], [1314, 237, 1], [1003, 184, 4], [997, 224, 2], [779, 20, 2], [922, 191, 2], [1324, 236, 3], [620, 193, 6], [1042, -58, 5]]], [[913, 151, 6], [1201, 57, 6]]]
63;[[[800, 50, 2, [1386, 275, 3], [972, 100, 6]]], [[800, 10, 1, [837, 247, 4], [1324, 229, 4], [1073, 80, 2], [1318, 159, 4], [1265, 13, 4], [1194, 152, 3]]], [[941, 257, 1, [1380, 73, 2], [1314, 237, 1], [1003, 184, 4], [997, 224, 2], [779, 20, 2], [922, 191, 2], [1324, 236, 3], [620, 193, 6], [1042, -58, 5]]], [[913, 151, 6], [1201, 57, 6]]]
64;[[[800, 50, 2, [1386, 275, 3], [972, 100, 6]]], [[800, 10, 1, [837, 247, 4], [1324, 229, 4], [1073, 80, 2], [1318, 159, 4], [1265, 13, 4], [1194, 152, 3]]], [[941, 257, 1, [1380, 73, 2], [1314, 237, 1], [1003, 184, 4], [997, 224, 2], [779, 20, 2], [922, 191, 2], [1324, 236, 3], [620, 193, 6], [1042, -58, 5]]], [[913, 151, 6], [1201, 57, 6]]]
65;[[[800, 50, 2, [1386, 275, 3], [972, 100, 6]]], [[800, 10, 1, [837, 247, 4], [1324, 229, 4], [1073, 80, 2], [1318, 159, 4], [1265, 13, 4], [1194, 152, 3]]], [[941, 257, 1, [1380, 73, 2], [1314, 237, 1], [1003, 184, 4], [997, 224, 2], [779, 20, 2], [922, 191, 2], [1324, 236, 3], [620, 193, 6], [1042, -58, 5]]], [[913, 151, 6], [1201, 57, 6]]]
66;[[[800, 50, 2, [1386, 275, 3], [972, 100, 6]]], [[800, 10, 1, [837, 247, 4], [1324, 229, 4], [1073, 80, 2], [1318, 159, 4], [1265, 13, 4], [1194, 152, 3]]], [[941, 257, 1, [1380, 73, 2], [1314, 237, 1], [1003, 184, 4], [997, 224, 2], [779, 20, 2], [922, 191, 2], [1324, 236, 3], [620, 193, 6], [1042, -58, 5]]]]
67;[[[800, 50, 2, [1386, 275, 3], [972, 100, 6]]], [[800, 10, 1, [837, 247, 4], [1324, 229, 4], [1073, 80, 2], [1318, 159, 4], [1265, 13, 4], [1194, 152, 3]]], [[941, 257, 1, [1380, 73, 2], [1314, 237, 1], [1003, 184, 4], [997, 224, 2], [779, 20, 2], [922, 191, 2], [1324, 236, 3], [620, 193, 6], [1042, -58, 5]]]]
68;[[[800, 50, 2, [1386, 275, 3], [972, 100, 6]]], [[800, 10, 1, [837, 247, 4], [1324, 229, 4], [1073, 80, 2], [1318, 159, 4], [1265, 13, 4], [1194, 152, 3]]], [[941, 257, 1, [1380, 73, 2], [1314, 237, 1], [1003, 184, 4], [997, 224, 2], [779, 20, 2], [922, 191, 2], [1324, 236, 3], [620, 193, 6], [1042, -58, 5]]]]
69;[[[800, 50, 2, [1386, 275, 3], [972, 100, 6]]], [[800, 10, 1, [837, 247, 4], [1324, 229, 4], [1073, 80, 2], [1318, 159, 4], [1265, 13, 4], [1194, 152, 3]]], [[941, 257, 1, [1380, 73, 2], [1314, 237, 1], [1003, 184, 4], [997, 224, 2], [779, 20, 2], [922, 191, 2], [1324, 236, 3], [620, 193, 6], [1042, -58, 5]]]]
70;[[[800, 50, 2, [1386, 275, 3], [972, 100, 6]]], [[800, 10, 1, [837, 247, 4], [1324, 229, 4], [1073, 80, 2], [1318, 159, 4], [1265, 13, 4], [1194, 152, 3]]], [[941, 257, 1, [1380, 73, 2], [1314, 237, 1], [1003, 184, 4], [997, 224, 2], [779, 20, 2], [922, 191, 2], [1324, 236, 3], [620, 193, 6], [1042, -58, 5], [1042, 168, 3]]]]
71;[[[800, 50, 2, [1386, 275, 3], [972, 100, 6]]], [[800, 10, 1, [837, 247, 4], [1324, 229, 4], [1073, 80, 2], [1318, 159, 4], [1265, 13, 4], [1194, 152, 3]]], [[941, 257, 1, [1380, 73, 2], [1314, 237, 1], [1003, 184, 4], [997, 224, 2], [779, 20, 2], [922, 191, 2], [1324, 236, 3], [620, 193, 6], [1042, -58, 5], [1042, 168, 3]]], [[951, 111, 5], [1052, 112, 6], [1250, 178, 2], [1213, 134, 5], [718, 46, 1]]]
72;[[[800, 50, 2, [1386, 275, 3], [972, 100, 6]]], [[800, 10, 1, [837, 247, 4], [1324, 229, 4], [1073, 80, 2], [1318, 159, 4], [1265, 13, 4], [1194, 152, 3]]], [[941, 257, 1, [1380, 73, 2], [1314, 237, 1], [1003, 184, 4], [997, 224, 2], [779, 20, 2], [922, 191, 2], [1324, 236, 3], [620, 193, 6], [1042, -58, 5], [1042, 168, 3]]], [[951, 111, 5], [1052, 112, 6], [1250, 178, 2], [1213, 134, 5], [718, 46, 1]]]
73;[[[800, 50, 2, [1386, 275, 3], [972, 100, 6]]], [[800, 10, 1, [837, 247, 4], [1324, 229, 4], [1073, 80, 2], [1318, 159, 4], [1265, 13, 4], [1194, 152, 3]]], [[941, 257, 1, [1380, 73, 2], [1314, 237, 1], [1003, 184, 4], [997, 224, 2], [779, 20, 2], [922, 191, 2], [1324, 236, 3], [620, 193, 6], [1042, -58, 5], [1042, 168, 3]]], [[951, 111, 5], [1052, 112, 6], [1250, 178, 2], [1213, 134, 5], [718, 46, 1]]]
74;[[[800, 50, 2, [1386, 275, 3], [972, 100, 6]]], [[800, 10, 1, [837, 247, 4], [1324, 229, 4], [1073, 80, 2], [1318, 159, 4], [1265, 13, 4], [1194, 152, 3]]], [[941, 257, 1, [1380, 73, 2], [1314, 237, 1], [1003, 184, 4], [997, 224, 2], [779, 20, 2], [922, 191, 2], [1324, 236, 3], [620, 193, 6], [1042, -58, 5], [1042, 168, 3]]], [[951, 111, 5], [1052, 112, 6], [1250, 178, 2], [1213, 134, 5], [718, 46, 1]]]
75;[[[800, 50, 2, [1386, 275, 3], [972, 100, 6]]], [[800, 10, 1, [837, 247, 4], [1324, 229, 4], [1073, 80, 2], [1318, 159, 4], [1265, 13, 4], [1194, 152, 3]]], [[941, 257, 1, [1380, 73, 2], [1314, 237, 1], [1003, 184, 4], [997, 224, 2], [779, 20, 2], [922, 191, 2], [1324, 236, 3], [620, 193, 6], [1042, -58, 5], [1042, 168, 3]]], [[951, 111, 5], [1052, 112, 6], [1250, 178, 2], [1213, 134, 5], [718, 46, 1]]]
76;[[[800, 50, 2, [1386, 275, 3], [972, 100, 6]]], [[800, 10, 1, [837, 247, 4], [1324, 229, 4], [1073, 80, 2], [1318, 159, 4], [1265, 13, 4], [1194, 152, 3]]], [[941, 257, 1, [1380, 73, 2], [1314, 237, 1], [1003, 184, 4], [997, 224, 2], [779, 20, 2], [922, 191, 2], [1324, 236, 3], [620, 193, 6], [1042, -58, 5], [1042, 168, 3]]], [[951, 111, 5], [1052, 112, 6], [1250, 178, 2], [1213, 134, 5], [718, 46, 1]]]
77;[[[800, 50, 2, [1386, 275, 3], [972, 100, 6]]], [[800, 10, 1, [837, 247, 4], [1324, 229, 4], [1073, 80, 2], [1318, 159, 4], [1265, 13, 4], [1194, 152, 3]]], [[941, 257, 1, [1380, 73, 2], [1314, 237, 1], [1003, 184, 4], [997, 224, 2], [779, 20, 2], [922, 191, 2], [1324, 236, 3], [620, 193, 6], [1042, -58, 5], [1042, 168, 3]]], [[951, 111, 5], [1052, 112, 6], [1250, 178, 2], [1213, 134, 5], [718, 46, 1]]]
78;[[[800, 50, 2, [1386, 275, 3], [972, 100, 6]]], [[800, 10, 1, [837, 247, 4], [1324, 229, 4], [1073, 80, 2], [1318, 159, 4], [1265, 13, 4], [1194, 152, 3]]], [[941, 257, 1, [1380, 73, 2], [1314, 237, 1], [1003, 184, 4], [997, 224, 2], [779, 20, 2], [922, 191, 2], [1324, 236, 3], [620, 193, 6], [1042, -58, 5], [1042, 168, 3]]], [[951, 111, 5], [1052, 112, 6], [1250, 178, 2], [1213, 134, 5], [718, 46, 1]], [[918, 13, 5], [885, 1, 2], [886, 106, 2]]]
79;[[[800, 50, 2, [1386, 275, 3], [972, 100, 6]]], [[800, 10, 1, [837, 247, 4], [1324, 229, 4], [1073, 80, 2], [1318, 159, 4], [1265, 13, 4], [1194, 152, 3]]], [[941, 257, 1, [1380, 73, 2], [1314, 237, 1], [1003, 184, 4], [997, 224, 2], [779, 20, 2], [922, 191, 2], [1324, 236, 3], [620, 193, 6], [1042, -58, 5], [1042, 168, 3]]], [[951, 111, 5], [1052, 112, 6], [1250, 178, 2], [1213, 134, 5], [718, 46, 1]], [[918, 13, 5], [885, 1, 2], [886, 106, 2]]]
80;[[[800, 50, 2, [1386, 275, 3], [972, 100, 6]]], [[800, 10, 1, [837, 247, 4], [1324, 229, 4], [1073, 80, 2], [1318, 159, 4], [1265, 13, 4], [1194, 152, 3]]], [[941, 257, 1, [1380, 73, 2], [1314, 237, 1], [1003, 184, 4], [997, 224, 2], [779, 20, 2], [922, 191, 2], [1324, 236, 3], [620, 193, 6], [1042, -58, 5], [1042, 168, 3]]], [[951, 111, 5], [1052, 112, 6], [1250, 178, 2], [1213, 134, 5], [718, 46, 1]], [[918, 13, 5], [885, 1, 2], [886, 106, 2]]]
81;[[[800, 50, 2, [1386, 275, 3], [972, 100, 6]]], [[800, 10, 1, [837, 247, 4], [1324, 229, 4], [1073, 80, 2], [1318, 159, 4], [1265, 13, 4], [1194, 152, 3]]], [[941, 257, 1, [1380, 73, 2], [1314, 237, 1], [1003, 184, 4], [997, 224, 2], [779, 20, 2], [922, 191, 2], [1324, 236, 3], [620, 193, 6], [1042, -58, 5], [1042, 168, 3]]], [[951, 111, 5], [1052, 112, 6], [1250, 178, 2], [1213, 134, 5], [718, 46, 1]], [[918, 13, 5], [885, 1, 2], [886, 106, 2]]]
82;[[[800, 50, 2, [1386, 275, 3], [972, 100, 6]]], [[800, 10, 1, [837, 247, 4], [1324, 229, 4], [1073, 80, 2], [1318, 159, 4], [1265, 13, 4], [1194, 152, 3]]], [[941, 257, 1, [1380, 73, 2], [1314, 237, 1], [1003, 184, 4], [997, 224, 2], [779, 20, 2], [922, 191, 2], [1324, 236, 3], [620, 193, 6], [1042, -58, 5], [1042, 168, 3]]], [[951, 111, 5], [1052, 112, 6], [1250, 178, 2], [1213, 134, 5], [718, 46, 1]], [[918, 13, 5], [885, 1, 2], [886, 106, 2]]]
83;[[[800, 50, 2, [1386, 275, 3], [972, 100, 6]]], [[800, 10, 1, [837, 247, 4], [1324, 229, 4], [1073, 80, 2], [1318, 159, 4], [1265, 13, 4], [1194, 152, 3]]], [[941, 257, 1, [1380, 73, 2], [1314, 237, 1], [1003, 184, 4], [997, 224, 2], [779, 20, 2], [922, 191, 2], [1324, 236, 3], [620, 193, 6], [1042, -58, 5], [1042, 168, 3]]], [[951, 111, 5], [1052, 112, 6], [1250, 178, 2], [1213, 134, 5], [718, 46, 1]], [[918, 13, 5], [885, 1, 2], [886, 106, 2]]]
84;[[[800, 50, 2, [1386, 275, 3], [972, 100, 6]]], [[800, 10, 1, [837, 247, 4], [1324, 229, 4], [1073, 80, 2], [1318, 159, 4], [1265, 13, 4], [1194, 152, 3]]], [[941, 257, 1, [1380, 73, 2], [1314, 237, 1], [1003, 184, 4], [997, 224, 2], [779, 20, 2], [922, 191, 2], [1324, 236, 3], [620, 193, 6], [1042, -58, 5], [1042, 168, 3]]], [[951, 111, 5], [1052, 112, 6], [1250, 178, 2], [1213, 134, 5], [718, 46, 1]], [[918, 13, 5], [885, 1, 2], [886, 106, 2]]]
85;[[[800, 50, 2, [1386, 275, 3], [972, 100, 6]]], [[800, 10, 1, [837, 247, 4], [1324, 229, 4], [1073, 80, 2], [1318, 159, 4], [1265, 13, 4], [1194, 152, 3]]], [[941, 257, 1, [1380, 73, 2], [1314, 237, 1], [1003, 184, 4], [997, 224, 2], [779, 20, 2], [922, 191, 2], [1324, 236, 3], [620, 193, 6], [1042, -58, 5], [1042, 168, 3]]], [[951, 111, 5], [1052, 112, 6], [1250, 178, 2], [1213, 134, 5], [718, 46, 1]], [[918, 13, 5], [885, 1, 2], [886, 106, 2]]]
86;[[[800, 50, 2, [1386, 275, 3], [972, 100, 6]]], [[800, 10, 1, [837, 247, 4], [1324, 229, 4], [1073, 80, 2], [1318, 159, 4], [1265, 13, 4], [1194, 152, 3]]], [[941, 257, 1, [1380, 73, 2], [1314, 237, 1], [1003, 184, 4], [997, 224, 2], [779, 20, 2], [922, 191, 2], [1324, 236, 3], [620, 193, 6], [1042, -58, 5], [1042, 168, 3]]], [[951, 111, 5], [1052, 112, 6], [1250, 178, 2], [1213, 134, 5], [718, 46, 1]], [[918, 13, 5], [885, 1, 2], [886, 106, 2]]]
87;[[[800, 50, 2, [1386, 275, 3], [972, 100, 6]]], [[800, 10, 1, [837, 247, 4], [1324, 229, 4], [1073, 80, 2], [1318, 159, 4], [1265, 13, 4], [1194, 152, 3]]], [[941, 257, 1, [1380, 73, 2], [1314, 237, 1], [1003, 184, 4], [997, 224, 2], [779, 20, 2], [922, 191, 2], [1324, 236, 3], [620, 193, 6], [1042, -58, 5], [1042, 168, 3]]], [[951, 111, 5], [1052, 112, 6], [1250, 178, 2], [1213, 134, 5], [718, 46, 1]], [[918, 13, 5], [885, 1, 2], [886, 106, 2]]]
88;[[[800, 50, 2, [1386, 275, 3], [972, 100, 6]]], [[800, 10, 1, [837, 247, 4], [1324, 229, 4], [1073, 80, 2], [1318, 159, 4], [1265, 13, 4], [1194, 152, 3]]], [[941, 257, 1, [1380, 73, 2], [1314, 237, 1], [1003, 184, 4], [997, 224, 2], [779, 20, 2], [922, 191, 2], [1324, 236, 3], [620, 193, 6], [1042, -58, 5], [1042, 168, 3]]], [[951, 111, 5], [1052, 112, 6], [1250, 178, 2], [1213, 134, 5], [718, 46, 1]], [[918, 13, 5], [885, 1, 2], [886, 106, 2]]]
89;[[[800, 50, 2, [1386, 275, 3], [972, 100, 6]]], [[800, 10, 1, [837, 247, 4], [1324, 229, 4], [1073, 80, 2], [1318, 159, 4], [1265, 13, 4], [1194, 152, 3]]], [[941, 257, 1, [1380, 73, 2], [1314, 237, 1], [1003, 184, 4], [997, 224, 2], [779, 20, 2], [922, 191, 2], [1324, 236, 3], [620, 193, 6], [1042, -58, 5], [1042, 168, 3]]], [[951, 111, 5], [1052, 112, 6], [1250, 178, 2], [718, 46, 1]], [[918, 13, 5], [885, 1, 2], [886, 106, 2]]]
90;[[[800, 50, 2, [1386, 275, 3], [972, 100, 6]]], [[800, 10, 1, [837, 247, 4], [1324, 229, 4], [1073, 80, 2], [1318, 159, 4], [1265, 13, 4], [1194, 152, 3]]], [[941, 257, 1, [1380, 73, 2], [1314, 237, 1], [1003, 184, 4], [997, 224, 2], [779, 20, 2], [922, 191, 2], [1324, 236, 3], [620, 193, 6], [1042, -58, 5], [1042, 168, 3]]], [[951, 111, 5], [1052, 112, 6], [1250, 178, 2], [718, 46, 1]], [[918, 13, 5], [885, 1, 2], [886, 106, 2]]]
91;[[[800, 50, 2, [1386, 275, 3], [972, 100, 6]]], [[800, 10, 1, [837, 247, 4], [1324, 229, 4], [1073, 80, 2], [1318, 159, 4], [1265, 13, 4], [1194, 152, 3], [1044, 126, 1]]], [[941, 257, 1, [1380, 73, 2], [1314, 237, 1], [1003, 184, 4], [997, 224, 2], [779, 20, 2], [922, 191, 2], [1324, 236, 3], [620, 193, 6], [1042, -58, 5], [1042, 168, 3]]], [[951, 111, 5], [1052, 112, 6], [1250, 178, 2], [718, 46, 1]], [[918, 13, 5], [885, 1, 2], [886, 106, 2]]]
92;[[[800, 50, 2, [1386, 275, 3], [972, 100, 6]]], [[800, 10, 1, [837, 247, 4], [1324, 229, 4], [1073, 80, 2], [1318, 159, 4], [1265, 13, 4], [1194, 152, 3], [1044, 126, 1], [1164, 225, 4]]], [[941, 257, 1, [1380, 73, 2], [1314, 237, 1], [1003, 184, 4], [997, 224, 2], [779, 20, 2], [922, 191, 2], [1324, 236, 3], [620, 193, 6], [1042, -58, 5], [1042, 168, 3]]], [[951, 111, 5], [1052, 112, 6], [1250, 178, 2], [718, 46, 1]], [[918, 13, 5], [885, 1, 2], [886, 106, 2]]]
93;[[[800, 50, 2, [1386, 275, 3], [972, 100, 6]]], [[800, 10, 1, [837, 247, 4], [1324, 229, 4], [1073, 80, 2], [1318, 159, 4], [1265, 13, 4], [1194, 152, 3], [1044, 126, 1], [1164, 225, 4]]], [[941, 257, 1, [1380, 73, 2], [1314, 237, 1], [1003, 184, 4], [997, 224, 2], [779, 20, 2], [922, 191, 2], [1324, 236, 3], [620, 193, 6], [1042, -58, 5], [1042, 168, 3]]], [[951, 111, 5], [1052, 112, 6], [1250, 178, 2], [718, 46, 1]], [[918, 13, 5], [885, 1, 2], [886, 106, 2]]]
94;[[[800, 50, 2, [1386, 275, 3], [972, 100, 6]]], [[800, 10, 1, [837, 247, 4], [1324, 229, 4], [1073, 80, 2], [1318, 159, 4], [1265, 13, 4], [1194, 152, 3], [1044, 126, 1], [1164, 225, 4]]], [[941, 257, 1, [1380, 73, 2], [1314, 237, 1], [1003, 184, 4], [997, 224, 2], [779, 20, 2], [922, 191, 2], [1324, 236, 3], [620, 193, 6], [1042, -58, 5], [1042, 168, 3]]], [[951, 111, 5], [1052, 112, 6], [1250, 178, 2], [718, 46, 1]], [[918, 13, 5], [885, 1, 2], [886, 106, 2]]]
95;[[[800, 50, 2, [1386, 275, 3], [972, 100, 6]]], [[800, 10, 1, [837, 247, 4], [1324, 229, 4], [1073, 80, 2], [1318, 159, 4], [1265, 13, 4], [1194, 152, 3], [1044, 126, 1], [1164, 225, 4]]], [[941, 257, 1, [1380, 73, 2], [1314, 237, 1], [1003, 184, 4], [997, 224, 2], [779, 20, 2], [922, 191, 2], [1324, 236, 3], [620, 193, 6], [1042, -58, 5], [1042, 168, 3]]], [[951, 111, 5], [1052, 112, 6], [1250, 178, 2], [718, 46, 1]], [[918, 13, 5], [885, 1, 2], [886, 106, 2]]]
96;[[[800, 50, 2, [1386, 275, 3], [972, 100, 6]]], [[800, 10, 1, [837, 247, 4], [1324, 229, 4], [1073, 80, 2], [1318, 159, 4], [1265, 13, 4], [1194, 152, 3], [1044, 126, 1], [1164, 225, 4]]], [[941, 257, 1, [1380, 73, 2], [1314, 237, 1], [1003, 184, 4], [997, 224, 2], [779, 20, 2], [922, 191, 2], [1324, 236, 3], [620, 193, 6], [1042, -58, 5], [1042, 168, 3]]], [[951, 111, 5], [1052, 112, 6], [1250, 178, 2], [718, 46, 1]], [[918, 13, 5], [885, 1, 2], [886, 106, 2]]]
97;[[[800, 50, 2, [1386, 275, 3], [972, 100, 6]]], [[800, 10, 1, [837, 247, 4], [1324, 229, 4], [1073, 80, 2], [1318, 159, 4], [1265, 13, 4], [1194, 152, 3], [1044, 126, 1], [1164, 225, 4]]], [[941, 257, 1, [1380, 73, 2], [1314, 237, 1], [1003, 184, 4], [997, 224, 2], [779, 20, 2], [922, 191, 2], [1324, 236, 3], [620, 193, 6], [1042, -58, 5], [1042, 168, 3], [1152, 26, 5]]], [[951, 111, 5], [1052, 112, 6], [1250, 178, 2], [718, 46, 1]], [[918, 13, 5], [885, 1, 2], [886, 106, 2]]]
98;[[[800, 50, 2, [1386, 275, 3], [972, 100, 6]]], [[800, 10, 1, [837, 247, 4], [1324, 229, 4], [1073, 80, 2], [1318, 159, 4], [1265, 13, 4], [1194, 152, 3], [1044, 126, 1], [1164, 225, 4]]], [[941, 257, 1, [1380, 73, 2], [1314, 237, 1], [1003, 184, 4], [997, 224, 2], [779, 20, 2], [922, 191, 2], [1324, 236, 3], [620, 193, 6], [1042, -58, 5], [1042, 168, 3], [1152, 26, 5]]], [[951, 111, 5], [1052, 112, 6], [1250, 178, 2], [718, 46, 1]], [[918, 13, 5], [885, 1, 2], [886, 106, 2]]]
99;[[[800, 50, 2, [1386, 275, 3], [972, 100, 6]]], [[800, 10, 1, [837, 247, 4], [1324, 229, 4], [1073, 80, 2], [1318, 159, 4], [1265, 13, 4], [1194, 152, 3], [1044, 126, 1], [1164, 225, 4]]], [[941, 257, 1, [1380, 73, 2], [1314, 237, 1], [1003, 184, 4], [997, 224, 2], [779, 20, 2], [922, 191, 2], [1324, 236, 3], [620, 193, 6], [1042, -58, 5], [1042, 168, 3], [1152, 26, 5]]], [[951, 111, 5], [1052, 112, 6], [1250, 178, 2], [718, 46, 1]], [[918, 13, 5], [885, 1, 2], [886, 106, 2]]]
100;[[[800, 50, 2, [1386, 275, 3], [972, 100, 6]]], [[800, 10, 1, [837, 247, 4], [1324, 229, 4], [1073, 80, 2], [1318, 159, 4], [1265, 13, 4], [1194, 152, 3], [1044, 126, 1], [1164, 225, 4]]], [[941, 257, 1, [1380, 73, 2], [1314, 237, 1], [1003, 184, 4], [997, 224, 2], [779, 20, 2], [922, 191, 2], [1324, 236, 3], [620, 193, 6], [1042, -58, 5], [1042, 168, 3], [1152, 26, 5]]], [[951, 111, 5], [1052, 112, 6], [1250, 178, 2], [718, 46, 1]], [[918, 13, 5], [885, 1, 2], [886, 106, 2]]]
101;[[[800, 50, 2, [1386, 275, 3], [972, 100, 6]]], [[800, 10, 1, [837, 247, 4], [1324, 229, 4], [1073, 80, 2], [1318, 159, 4], [1265, 13, 4], [1194, 152, 3], [1044, 126, 1], [1164, 225, 4]]], [[941, 257, 1, [1380, 73, 2], [1314, 237, 1], [1003, 184, 4], [997, 224, 2], [779, 20, 2], [922, 191, 2], [1324, 236, 3], [620, 193, 6], [1042, -58, 5], [1042, 168, 3], [1152, 26, 5]]], [[951, 111, 5], [1052, 112, 6], [1250, 178, 2], [718, 46, 1]], [[918, 13, 5], [885, 1, 2], [886, 106, 2]]]
102;[[[800, 50, 2, [1386, 275, 3], [972, 100, 6]]], [[800, 10, 1, [837, 247, 4], [1324, 229, 4], [1073, 80, 2], [1318, 159, 4], [1265, 13, 4], [1194, 152, 3], [1044, 126, 1], [1164, 225, 4]]], [[941, 257, 1, [1380, 73, 2], [1314, 237, 1], [1003, 184, 4], [997, 224, 2], [779, 20, 2], [922, 191, 2], [1324, 236, 3], [620, 193, 6], [1042, -58, 5], [1042, 168, 3], [1152, 26, 5]]], [[951, 111, 5], [1052, 112, 6], [1250, 178, 2], [718, 46, 1]], [[918, 13, 5], [885, 1, 2], [886, 106, 2]]]
103;[[[800, 50, 2, [1386, 275, 3], [972, 100, 6]]], [[800, 10, 1, [837, 247, 4], [1324, 229, 4], [1073, 80, 2], [1318, 159, 4], [1265, 13, 4], [1194, 152, 3], [1044, 126, 1], [1164, 225, 4]]], [[941, 257, 1, [1380, 73, 2], [1314, 237, 1], [1003, 184, 4], [997, 224, 2], [779, 20, 2], [922, 191, 2], [1324, 236, 3], [620, 193, 6], [1042, -58, 5], [1042, 168, 3], [1152, 26, 5]]], [[951, 111, 5], [1052, 112, 6], [1250, 178, 2], [718, 46, 1]], [[918, 13, 5], [885, 1, 2], [886, 106, 2]]]
104;[[[800, 50, 2, [1386, 275, 3], [972, 100, 6]]], [[800, 10, 1, [837, 247, 4], [1324, 229, 4], [1073, 80, 2], [1318, 159, 4], [1265, 13, 4], [1194, 152, 3], [1044, 126, 1], [1164, 225, 4]]], [[941, 257, 1, [1380, 73, 2], [1314, 237, 1], [1003, 184, 4], [997, 224, 2], [779, 20, 2], [922, 191, 2], [1324, 236, 3], [620, 193, 6], [1042, -58, 5], [1042, 168, 3], [1152, 26, 5]]], [[951, 111, 5], [1052, 112, 6], [1250, 178, 2], [718, 46, 1]], [[918, 13, 5], [885, 1, 2], [886, 106, 2]]]
105;[[[800, 50, 2, [1386, 275, 3], [972, 100, 6]]], [[800, 10, 1, [837, 247, 4], [1324, 229, 4], [1073, 80, 2], [1318, 159, 4], [1265, 13, 4], [1194, 152, 3], [1044, 126, 1], [1164, 225, 4]]], [[941, 257, 1, [1380, 73, 2], [1314, 237, 1], [1003, 184, 4], [997, 224, 2], [779, 20, 2], [922, 191, 2], [1324, 236, 3], [620, 193, 6], [1042, -58, 5], [1042, 168, 3], [1152, 26, 5]]], [[951, 111, 5], [1052, 112, 6], [1250, 178, 2], [718, 46, 1]], [[918, 13, 5], [885, 1, 2], [886, 106, 2]]]
106;[[[800, 50, 2, [1386, 275, 3], [972, 100, 6]]], [[800, 10, 1, [837, 247, 4], [1324, 229, 4], [1073, 80, 2], [1318, 159, 4], [1265, 13, 4], [1194, 152, 3], [1044, 126, 1], [1164, 225, 4]]], [[941, 257, 1, [1380, 73, 2], [1314, 237, 1], [1003, 184, 4], [997, 224, 2], [779, 20, 2], [922, 191, 2], [1324, 236, 3], [620, 193, 6], [1042, -58, 5], [1042, 168, 3], [1152, 26, 5]]], [[951, 111, 5], [1052, 112, 6], [1250, 178, 2], [718, 46, 1]], [[918, 13, 5], [885, 1, 2], [886, 106, 2]]]
107;[[[800, 50, 2, [1386, 275, 3], [972, 100, 6]]], [[800, 10, 1, [837, 247, 4], [1324, 229, 4], [1073, 80, 2], [1318, 159, 4], [1265, 13, 4], [1194, 152, 3], [1044, 126, 1], [1164, 225, 4]]], [[941, 257, 1, [1380, 73, 2], [1314, 237, 1], [1003, 184, 4], [997, 224, 2], [779, 20, 2], [922, 191, 2], [1324, 236, 3], [620, 193, 6], [1042, -58, 5], [1042, 168, 3], [1152, 26, 5]]], [[951, 111, 5], [1052, 112, 6], [1250, 178, 2], [718, 46, 1]], [[918, 13, 5], [885, 1, 2], [886, 106, 2]]]
108;[[[800, 50, 2, [1386, 275, 3], [972, 100, 6]]], [[800, 10, 1, [837, 247, 4], [1324, 229, 4], [1073, 80, 2], [1318, 159, 4], [1265, 13, 4], [1194, 152, 3], [1044, 126, 1], [1164, 225, 4]]], [[941, 257, 1, [1380, 73, 2], [1314, 237, 1], [1003, 184, 4], [997, 224, 2], [779, 20, 2], [922, 191, 2], [1324, 236, 3], [620, 193, 6], [1042, -58, 5], [1042, 168, 3], [1152, 26, 5]]], [[951, 111, 5], [1052, 112, 6], [1250, 178, 2], [718, 46, 1]], [[918, 13, 5], [885, 1, 2], [886, 106, 2]]]
109;[[[800, 50, 2, [1386, 275, 3], [972, 100, 6]]], [[800, 10, 1, [837, 247, 4], [1324, 229, 4], [1073, 80, 2], [1318, 159, 4], [1265, 13, 4], [1194, 152, 3], [1044, 126, 1], [1164, 225, 4]]], [[941, 257, 1, [1380, 73, 2], [1314, 237, 1], [1003, 184, 4], [997, 224, 2], [779, 20, 2], [922, 191, 2], [1324, 236, 3], [620, 193, 6], [1042, -58, 5], [1042, 168, 3], [1152, 26, 5]]], [[951, 111, 5], [1052, 112, 6], [1250, 178, 2], [718, 46, 1]], [[918, 13, 5], [885, 1, 2], [886, 106, 2]]]
110;[[[800, 50, 2, [1386, 275, 3], [972, 100, 6]]], [[800, 10, 1, [837, 247, 4], [1324, 229, 4], [1073, 80, 2], [1318, 159, 4], [1265, 13, 4], [1194, 152, 3], [1044, 126, 1], [1164, 225, 4]]], [[941, 257, 1, [1380, 73, 2], [1314, 237, 1], [1003, 184, 4], [997, 224, 2], [779, 20, 2], [922, 191, 2], [1324, 236, 3], [620, 193, 6], [1042, -58, 5], [1042, 168, 3], [1152, 26, 5]]], [[951, 111, 5], [1052, 112, 6], [1250, 178, 2], [718, 46, 1]], [[918, 13, 5], [885, 1, 2], [886, 106, 2]]]
111;[[[800, 50, 2, [1386, 275, 3], [972, 100, 6]]], [[800, 10, 1, [837, 247, 4], [1324, 229, 4], [1073, 80, 2], [1318, 159, 4], [1265, 13, 4], [1194, 152, 3], [1044, 126, 1], [1164, 225, 4]]], [[941, 257, 1, [1380, 73, 2], [1314, 237, 1], [1003, 184, 4], [997, 224, 2], [779, 20, 2], [922, 191, 2], [1324, 236, 3], [620, 193, 6], [1042, -58, 5], [1042, 168, 3], [1152, 26, 5]]], [[951, 111, 5], [1052, 112, 6], [1250, 178, 2], [718, 46, 1]], [[918, 13, 5], [885, 1, 2], [886, 106, 2]]]
112;[[[800, 50, 2, [1386, 275, 3], [972, 100, 6]]], [[800, 10, 1, [837, 247, 4], [1324, 229, 4], [1073, 80, 2], [1318, 159, 4], [1265, 13, 4], [1194, 152, 3], [1044, 126, 1], [1164, 225, 4]]], [[941, 257, 1, [1380, 73, 2], [1314, 237, 1], [1003, 184, 4], [997, 224, 2], [779, 20, 2], [922, 191, 2], [1324, 236, 3], [620, 193, 6], [1042, -58, 5], [1042, 168, 3], [1152, 26, 5]]], [[951, 111, 5], [1052, 112, 6], [1250, 178, 2], [718, 46, 1]], [[918, 13, 5], [885, 1, 2], [886, 106, 2]]]
113;[[[800, 50, 2, [1386, 275, 3], [972, 100, 6]]], [[800, 10, 1, [837, 247, 4], [1324, 229, 4], [1073, 80, 2], [1318, 159, 4], [1265, 13, 4], [1194, 152, 3], [1044, 126, 1], [1164, 225, 4]]], [[941, 257, 1, [1380, 73, 2], [1314, 237, 1], [1003, 184, 4], [997, 224, 2], [779, 20, 2], [922, 191, 2], [1324, 236, 3], [620, 193, 6], [1042, -58, 5], [1042, 168, 3], [1152, 26, 5]]], [[951, 111, 5], [1052, 112, 6], [1250, 178, 2], [718, 46, 1]], [[918, 13, 5], [885, 1, 2], [886, 106, 2]]]
114;[[[800, 50, 2, [1386, 275, 3], [972, 100, 6]]], [[800, 10, 1, [837, 247, 4], [1324, 229, 4], [1073, 80, 2], [1318, 159, 4], [1265, 13, 4], [1194, 152, 3], [1044, 126, 1], [1164, 225, 4]]], [[941, 257, 1, [1380, 73, 2], [1314, 237, 1], [1003, 184, 4], [997, 224, 2], [779, 20, 2], [922, 191, 2], [1324, 236, 3], [620, 193, 6], [1042, -58, 5], [1042, 168, 3], [1152, 26, 5]]], [[951, 111, 5], [1052, 112, 6], [1250, 178, 2], [718, 46, 1]], [[918, 13, 5], [885, 1, 2], [886, 106, 2]]]
115;[[[800, 50, 2, [1386, 275, 3], [972, 100, 6], [659, 178, 5]]], [[800, 10, 1, [837, 247, 4], [1324, 229, 4], [1073, 80, 2], [1318, 159, 4], [1265, 13, 4], [1194, 152, 3], [1044, 126, 1], [1164, 225, 4]]], [[941, 257, 1, [1380, 73, 2], [1314, 237, 1], [1003, 184, 4], [997, 224, 2], [779, 20, 2], [922, 191, 2], [1324, 236, 3], [620, 193, 6], [1042, -58, 5], [1042, 168, 3], [1152, 26, 5]]], [[951, 111, 5], [1052, 112, 6], [1250, 178, 2], [718, 46, 1]], [[918, 13, 5], [885, 1, 2], [886, 106, 2]]]
116;[[[800, 50, 2, [1386, 275, 3], [972, 100, 6], [659, 178, 5]]], [[800, 10, 1, [837, 247, 4], [1324, 229, 4], [1073, 80, 2], [1318, 159, 4], [1265, 13, 4], [1194, 152, 3], [1044, 126, 1], [1164, 225, 4]]], [[941, 257, 1, [1380, 73, 2], [1314, 237, 1], [1003, 184, 4], [997, 224, 2], [779, 20, 2], [922, 191, 2], [1324, 236, 3], [620, 193, 6], [1042, -58, 5], [1042, 168, 3], [1152, 26, 5]]], [[951, 111, 5], [1052, 112, 6], [1250, 178, 2], [718, 46, 1]], [[918, 13, 5], [885, 1, 2], [886, 106, 2]]]
117;[[[800, 50, 2, [1386, 275, 3], [972, 100, 6], [659, 178, 5]]], [[800, 10, 1, [837, 247, 4], [1324, 229, 4], [1073, 80, 2], [1318, 159, 4], [1265, 13, 4], [1194, 152, 3], [1044, 126, 1], [1164, 225, 4]]], [[941, 257, 1, [1380, 73, 2], [1314, 237, 1], [1003, 184, 4], [997, 224, 2], [779, 20, 2], [922, 191, 2], [1324, 236, 3], [620, 193, 6], [1042, -58, 5], [1042, 168, 3], [1152, 26, 5]]], [[951, 111, 5], [1052, 112, 6], [1250, 178, 2], [718, 46, 1]], [[918, 13, 5], [885, 1, 2], [886, 106, 2]]]
